{"cameraMode":{"drawMode":0,"name":"Shaded","section":"Shading Mode"},"sceneLighting":false,"audioPlay":false,"sceneViewState":{"m_AlwaysRefresh":false,"showFog":true,"showSkybox":false,"showFlares":true,"showImageEffects":true,"showParticleSystems":true,"showVisualEffectGraphs":true,"m_FxEnabled":true},"in2DMode":false,"pivot":{"x":2.4407386779785158,"y":1.3268556594848633,"z":2.176259994506836},"rotation":{"x":0.21945324540138246,"y":0.6112678647041321,"z":-0.18167677521705628,"w":0.7383697032928467},"size":2.4118847846984865,"orthographic":false}