{"cameraMode":{"drawMode":0,"name":"Shaded","section":"Shading Mode"},"sceneLighting":false,"audioPlay":false,"sceneViewState":{"m_AlwaysRefresh":false,"showFog":true,"showSkybox":false,"showFlares":true,"showImageEffects":true,"showParticleSystems":true,"showVisualEffectGraphs":true,"m_FxEnabled":true},"in2DMode":false,"pivot":{"x":0.0489690899848938,"y":0.3036234378814697,"z":-5.960464477539063e-8},"rotation":{"x":-0.00540256779640913,"y":0.0017996587557718158,"z":0.000011929873835470062,"w":0.9999916553497315},"size":1.1063799858093262,"orthographic":false}