{"cameraMode":{"drawMode":0,"name":"Shaded","section":"Shading Mode"},"sceneLighting":false,"audioPlay":false,"sceneViewState":{"m_AlwaysRefresh":false,"showFog":true,"showSkybox":false,"showFlares":true,"showImageEffects":true,"showParticleSystems":true,"showVisualEffectGraphs":true,"m_FxEnabled":true},"in2DMode":false,"pivot":{"x":2.6978094577789308,"y":-5.984927654266357,"z":12.477551460266114},"rotation":{"x":0.3817727565765381,"y":0.37398436665534975,"z":-0.17256613075733186,"w":0.8274148106575012},"size":10.556903839111329,"orthographic":false}