{"cameraMode":{"drawMode":0,"name":"Shaded","section":"Shading Mode"},"sceneLighting":false,"audioPlay":false,"sceneViewState":{"m_AlwaysRefresh":false,"showFog":true,"showSkybox":false,"showFlares":true,"showImageEffects":true,"showParticleSystems":true,"showVisualEffectGraphs":true,"m_FxEnabled":true},"in2DMode":false,"pivot":{"x":-1.2270793914794922,"y":2.766378402709961,"z":-0.6358518600463867},"rotation":{"x":-0.2753857672214508,"y":0.007494618184864521,"z":-0.0021464144811034204,"w":-0.9613021612167358},"size":1.2238229513168336,"orthographic":false}