{"cameraMode":{"drawMode":0,"name":"Shaded","section":"Shading Mode"},"sceneLighting":false,"audioPlay":false,"sceneViewState":{"m_AlwaysRefresh":false,"showFog":true,"showSkybox":false,"showFlares":true,"showImageEffects":true,"showParticleSystems":true,"showVisualEffectGraphs":true,"m_FxEnabled":true},"in2DMode":false,"pivot":{"x":0.061905473470687869,"y":2.8991177082061769,"z":-0.01941552758216858},"rotation":{"x":-0.01666325516998768,"y":0.98162841796875,"z":0.1604321002960205,"w":0.10195889323949814},"size":0.20034709572792054,"orthographic":false}