{"cameraMode":{"drawMode":0,"name":"Shaded","section":"Shading Mode"},"sceneLighting":true,"audioPlay":false,"sceneViewState":{"m_AlwaysRefresh":false,"showFog":true,"showSkybox":true,"showFlares":true,"showImageEffects":true,"showParticleSystems":true,"showVisualEffectGraphs":true,"m_FxEnabled":true},"in2DMode":false,"pivot":{"x":11.020286560058594,"y":42.219425201416019,"z":35.13255310058594},"rotation":{"x":0.07285846769809723,"y":-0.12592706084251405,"z":-0.00928234588354826,"w":-0.9893541932106018},"size":17.368288040161134,"orthographic":false}