{"cameraMode":{"drawMode":0,"name":"Shaded","section":"Shading Mode"},"sceneLighting":true,"audioPlay":false,"sceneViewState":{"m_AlwaysRefresh":false,"showFog":true,"showSkybox":true,"showFlares":true,"showImageEffects":true,"showParticleSystems":true,"showVisualEffectGraphs":true,"m_FxEnabled":true},"in2DMode":false,"pivot":{"x":-0.49649345874786379,"y":15.975028991699219,"z":0.45879268646240237},"rotation":{"x":0.06542744487524033,"y":-0.9338966012001038,"z":0.2294282466173172,"w":0.26631903648376467},"size":15.219757080078125,"orthographic":false}