{"cameraMode":{"drawMode":0,"name":"Shaded","section":"Shading Mode"},"sceneLighting":false,"audioPlay":false,"sceneViewState":{"m_AlwaysRefresh":false,"showFog":true,"showSkybox":false,"showFlares":true,"showImageEffects":true,"showParticleSystems":true,"showVisualEffectGraphs":true,"m_FxEnabled":true},"in2DMode":false,"pivot":{"x":-0.45909929275512698,"y":2.5711283683776857,"z":-0.2511700987815857},"rotation":{"x":0.07495957612991333,"y":0.5805820226669312,"z":-0.053797587752342227,"w":0.8089597225189209},"size":0.44046732783317568,"orthographic":false}